{"p": {"chan5": -0.3797799390914325, "chan4": -0.5099783399920892, "chan7": 0.5828829429825664, "chan6": -0.5271828927394048, "chan1": -0.6797712657282021, "chan0": -1.6055384747260468, "chan3": -1.9448658824097436, "chan2": -1.943541763032859}}