{"p": {"chan5": -0.3797799390914325, "chan4": -0.5099783399920892, "chan7": 0.5828829429825664, "chan6": -0.5271828927394048, "chan1": -0.6797712657282021, "chan0": -1.6055384747260468, "chan3": -1.9448658824097436, "chan2": -1.943541763032859}, "n": {"chan5": 5.012623219686496, "chan4": 4.496321823248864, "chan7": 4.329227274048193, "chan6": 4.550374163380742, "chan1": 2.5598095377332335, "chan0": 2.302951071822371, "chan3": 1.7749471129323666, "chan2": 2.2120217258830697}}