{"p": {"chan5": -0.28881287996168875, "chan4": -0.4214610923493882, "chan7": 0.7104977888321702, "chan6": -0.40506649025713354, "chan1": -0.6149493468426119, "chan0": -1.5155392840690896, "chan3": -1.757530180267938, "chan2": -1.826338350745212}, "n": {"chan5": 5.016655363699669, "chan4": 4.502841774459837, "chan7": 4.3342258334503825, "chan6": 4.55810100075983, "chan1": 2.5575696780328565, "chan0": 2.3099153893706807, "chan3": 1.7679581945494391, "chan2": 2.2101781127943}}