{"p": {"chan5": -0.40807083979814945, "chan4": -0.5689456645685629, "chan7": 0.5382683609508336, "chan6": -0.5709836546867999, "chan1": -0.714550631555699, "chan0": -1.625335724685475, "chan3": -2.0528676369932453, "chan2": -2.00133036753365}}