{"p": {"chan5": -0.41233058844514614, "chan4": -0.5291563029263263, "chan7": 0.5637267559834364, "chan6": -0.5673304189827684, "chan1": -0.7038384756671884, "chan0": -1.5833036334113384, "chan3": -2.016089144764513, "chan2": -1.9716350222546268}}